"","GVIF","Df","GVIF^(1/(2*Df))"
"scale_RoadsProximity",1.04669628638426,1,1.023081759384
"scale_Curvature",1.0339313904332,1,1.01682416888723
"scale_Ruggedness",1.2324531635573,1,1.11015907128542
"scale_Slope",1.37219837659127,1,1.17140871457885
"Direction",1.21873771102471,7,1.01422998589757
"scale_Elevation",1.34754772780342,1,1.16083923426262
"Vegetation",1.11716547366622,10,1.00555510520525
