"","GVIF","Df","GVIF^(1/(2*Df))"
"scale_Ruggedness",1.19477845135521,1,1.09305921676513
"scale_Slope",1.34243506358281,1,1.15863500015441
"Direction",1.20769442587937,7,1.01357076591387
"scale_Elevation",1.34268738148161,1,1.15874388088206
"Vegetation",1.11384486790822,10,1.00540545076405
