"","GVIF","Df","GVIF^(1/(2*Df))"
"scale_RoadsProximity",1.04614231530222,1,1.02281098708521
"scale_Ruggedness",1.19472774786331,1,1.09303602313159
"scale_Slope",1.36887392757765,1,1.16998885788611
"Direction",1.21107347177171,7,1.01377306762216
"scale_Elevation",1.34685921569332,1,1.16054263846414
"Vegetation",1.11675810724651,10,1.0055367686043
